{
  "name": "LogReg",
  "accuracy": 1.0,
  "coef": [
    [
      0.0,
      0.0,
      -0.3570616640697848,
      0.006029110872377134,
      -0.20981815708953735,
      0.08568776205952863,
      -0.16858013452838333,
      0.07218642083926935,
      -0.043775623672502144,
      0.0797880341163344,
      0.22617003214425577,
      -0.4489654382618313,
      0.2090179809813717,
      -0.34690138585652497,
      0.20186494956155596,
      -0.34654219782113127,
      0.20650909263371775,
      -0.31166485271899014,
      0.17525329120645164,
      -0.20927904887754745,
      -0.06200199042539888,
      0.16346087071908746,
      -0.04480700109430572,
      0.6015905167058972,
      0.031279929863172934,
      0.6950005485269432,
      0.14420440797714623,
      -0.1693350069678644,
      0.008391629915921621,
      0.03653707699243065,
      0.01692203139019564,
      0.2071584267747779,
      0.06430430914732053,
      0.22339182788126502,
      0.12051819683906993,
      -0.15509895569888138,
      0.03318515770914031,
      -0.04173977581167355,
      0.014388710979567803,
      0.07382757662948206,
      0.03825639770813884,
      0.09204585997714106
    ],
    [
      0.0,
      0.0,
      0.2242117816393528,
      0.113138007047394,
      0.1896538376336223,
      0.12038807417431474,
      0.12645916391251727,
      0.13924732506016535,
      0.1606927423251345,
      0.17563008264017171,
      0.25113050168380946,
      0.17843487921798737,
      0.14873046117184655,
      -0.04804309725933203,
      0.15208866444553598,
      -0.08845937317501538,
      0.15756553939727133,
      -0.09476529333235843,
      0.24044451592971208,
      0.06084303158020237,
      0.3647634777333056,
      -0.17899840746052909,
      0.3679084300884056,
      -0.4254730523897174,
      0.33455821081363507,
      -0.49206841113056204,
      0.21501100538834805,
      0.057983869953047724,
      0.021168161711559438,
      0.29274434400777294,
      -0.07249865215906262,
      0.6000245031141259,
      -0.10413791930586726,
      0.7241063915208505,
      0.17096877565515728,
      0.051406408999286814,
      0.06252973308473285,
      0.17610808583237242,
      0.04384748666888164,
      0.2331367878258301,
      0.04179510053240953,
      0.23264823023923545
    ],
    [
      0.0,
      0.0,
      0.14258241696281912,
      0.16134451344732756,
      0.3914739940869597,
      0.10645899961605493,
      0.5465883883767896,
      0.18456958577198898,
      0.45711103226148303,
      0.08364944475173494,
      0.0157409159571234,
      0.12215016609209581,
      0.049720729269276766,
      0.13773707501562646,
      0.06197228149880963,
      0.08108759105266077,
      0.08331132896542491,
      0.003525597430406858,
      0.012438329546606168,
      -0.06404103187676671,
      0.05088764375977022,
      -0.11175108384137132,
      0.04289468505361434,
      -0.14236325117049348,
      0.045200249815458775,
      -0.15150739289611545,
      2.5685388538847955e-05,
      -0.1093074396734825,
      0.2310920471345915,
      -0.35791622842532456,
      0.27956562326911133,
      -0.6669770176994342,
      0.29734983650827457,
      -0.7852930855550657,
      -0.019382929884652247,
      -0.10342888144656232,
      -0.09482662988651759,
      -0.02404771544746152,
      -0.2135942595732029,
      0.39301436211051527,
      -0.2754430705069353,
      0.7110652774273454
    ],
    [
      0.0,
      0.0,
      -0.20213270186696106,
      -0.02358980285204252,
      -0.11427995085670797,
      -0.09713504459333075,
      0.3638860032425052,
      -0.2172084066203464,
      0.6263220857929043,
      -0.0034514911549554956,
      -0.1898036421638174,
      -0.444423506289035,
      -0.024628436787321357,
      -0.21730568846308249,
      -0.03158931622610644,
      -0.07307162582443347,
      -0.054890652456449,
      0.020347050813128077,
      -0.14160069822956373,
      -0.2069908601517899,
      -0.06555257486599828,
      -0.15456201087131316,
      -0.08444739144513833,
      -0.13465017742546653,
      -0.12213703082113049,
      -0.09836682266457625,
      -0.08666560183065222,
      -0.1638613856677024,
      -0.06945266889660143,
      -0.16722173765615556,
      -0.10523336471553454,
      -0.16118719491778175,
      -0.16462918635122462,
      -0.12990408182219065,
      -0.01845398149837588,
      -0.17177742667542092,
      0.07856215088475119,
      -0.35905962629126387,
      0.10736772414090112,
      -0.7415666069938369,
      0.07604697570850183,
      -0.9527274277986
    ],
    [
      0.0,
      0.0,
      -0.13760044614229044,
      0.10640799173667927,
      -0.3496785726101698,
      0.1696892018161502,
      -0.7124434585250002,
      0.20952697835685252,
      -0.9490534368600021,
      0.062482362692950856,
      0.007032110014045883,
      0.3128712576588175,
      -0.01593691731995786,
      0.14308435820659202,
      -0.007984717030339017,
      0.07089546993017412,
      -0.0070829577351892,
      0.015491321744524675,
      0.05649168319542245,
      0.05699478097530676,
      0.06608221609017735,
      -0.04070173051874073,
      0.0687957007166776,
      -0.12616718415039202,
      0.060356633840047316,
      -0.16111751584097225,
      0.08289461513771158,
      0.013757710036392421,
      0.1635234635031861,
      -0.1025142347184669,
      0.19728790889565984,
      -0.1924937840150253,
      0.19603251478253875,
      -0.22863745430249138,
      0.10490383773279748,
      0.005221899958526817,
      0.25662154923437364,
      -0.05782803876433722,
      0.3423531358606493,
      -0.17393964257657096,
      0.3828085006406632,
      -0.24934887960975227
    ],
    [
      0.0,
      0.0,
      0.25470843600771625,
      -0.14813722468732962,
      0.2719697806959144,
      -0.1860720769093109,
      0.31065120322252954,
      -0.2418385887061777,
      0.24908596770604421,
      -0.2989811434844822,
      -0.029597826838469413,
      0.28364118280247935,
      -0.0742061557114764,
      0.5820371844692673,
      -0.10043255808621387,
      0.5162462653981128,
      -0.1242126701616664,
      0.5233451108914148,
      -0.16659459398080045,
      0.16160548208795397,
      0.059415805143644196,
      -0.07049793637758156,
      0.6233149610475779,
      0.013005085104384133,
      0.9922877566080677,
      0.1747308768792314,
      -0.17053146079192041,
      0.12254172316553692,
      -0.05740683801874417,
      -0.08256761390725105,
      0.1567343478306474,
      0.0034237669210468494,
      0.2988091619479644,
      0.11125911459858372,
      -0.1734327424421767,
      0.09864762973697126,
      -0.11620023660991696,
      -0.023758938266853612,
      0.031070821943111022,
      -0.001059000678726441,
      0.15591804943597912,
      0.10312533133164208
    ],
    [
      0.0,
      0.0,
      0.21547481987594116,
      0.01598442906215367,
      0.07065370317246181,
      -0.054960073253214066,
      0.0637897134248791,
      -0.10545540254593523,
      -0.014518556953477466,
      -0.10959538068187549,
      -0.04555529696559067,
      0.3601581444411878,
      -0.06536738294946588,
      -0.2385407115223433,
      -0.06171196918010222,
      -0.3040023254268257,
      -0.08764022741063508,
      -0.40010798164710176,
      -0.04909010685049484,
      0.16409894919926835,
      -0.1943358105373779,
      0.4210437284736004,
      -0.5956122979295285,
      0.3497931939125584,
      -0.8769447082546707,
      0.245437078109712,
      -0.06416722277154888,
      0.154796049935133,
      0.04248173701414172,
      0.018854030086875292,
      0.6017430160099663,
      0.021681392996711644,
      0.9587870878291753,
      0.06970294513063094,
      -0.08095787107742934,
      0.16362047357716347,
      -0.1124637404279391,
      0.1334929148012007,
      0.11446982007726174,
      0.2203100689751193,
      0.30085956445070355,
      0.30634337872631984
    ],
    [
      0.0,
      0.0,
      -0.3124019823663076,
