{
  "name": "LinearSVC",
  "accuracy": 1.0,
  "coef": [
    [
      0.0,
      0.0,
      -0.08144390507257113,
      0.0014283952091404019,
      -0.0770129439612027,
      0.08765504695083973,
      -0.061511423243919394,
      0.03685398093801506,
      0.10892458597372548,
      0.055766282552585124,
      -0.04273211030548589,
      0.030947685605033113,
      0.06374074085150114,
      -0.028041631441978007,
      0.09611439912448717,
      -0.05587848368513334,
      0.11889964015221915,
      -0.11151620558270692,
      0.005270228784437761,
      -0.028337818475923485,
      -0.0008427453706908398,
      0.08460367602700355,
      -0.09952487621792779,
      0.31369625134819074,
      -0.12757740543929796,
      0.348403531617434,
      0.04842201669511546,
      -0.07528354626264487,
      0.04273494597877658,
      -0.05316754854860549,
      -0.037034517897823194,
      0.017764031508766757,
      -0.06567759249787153,
      0.011631552231493402,
      0.09046389053413266,
      -0.11561396298631733,
      0.07331885322799239,
      -0.08133980385348066,
      0.002537041752467821,
      0.025224238540018457,
      -0.029250046197627513,
      0.05005267801715382
    ],
    [
      0.0,
      0.0,
      -0.06688677774137745,
      0.0354936034240827,
      0.038018812803481385,
      0.027437423089130723,
      0.04408472899196486,
      0.051086765902897305,
      -0.023953465631087932,
      0.034119225900189835,
      -0.03798794072889521,
      -0.03276161799885573,
      0.01042041750666853,
      0.0030571202029464795,
      0.018734149130755155,
      0.06713115356763254,
      0.021922390597525685,
      0.11484997275647144,
      0.009915807172107863,
      -0.026943779068486957,
      0.11338052640889983,
      -0.18954151479794834,
      0.14878499121544855,
      -0.3292054458470272,
      0.16168750251780253,
      -0.33167618621821354,
      0.016117236590006294,
      -0.0059355050952485874,
      -0.027191123302338485,
      0.14169590621495404,
      -0.06606561900235544,
      0.4229625656225562,
      -0.07872608027668708,
      0.5363232168713872,
      0.01581464131418727,
      -0.005353700713704115,
      0.017604849295232896,
      -0.07594910608466077,
      -0.021165932412183903,
      -0.02981887605682456,
      -0.06221407742060362,
      -0.014293953962634765
    ],
    [
      0.0,
      0.0,
      -0.15394066588481167,
      -0.013203073134147005,
      -0.013318662548629632,
      0.02137918817932309,
      0.10268138135565777,
      0.023463972478994913,
      0.08040089905773125,
      -0.14882129664151442,
      -0.09502906312311452,
      0.07019603882539821,
      -0.05373118066060833,
      -0.08770414421037077,
      -0.016579863923804897,
      -0.06331730341818831,
      0.005391743139254583,
      -0.09759282983832941,
      0.03357101783355392,
      0.043387991737592224,
      -0.04767809997390494,
      0.009926853353387928,
      0.017122492013050248,
      0.03384683276028508,
      0.05463147580149442,
      0.029974083053572877,
      0.0458667373194638,
      -0.01416124026089934,
      0.0953009663507802,
      -0.23162832833384275,
      0.16657209533093845,
      -0.49180114000112596,
      0.19625863979641597,
      -0.5869749659861628,
      0.05126598589629873,
      0.041368452171918604,
      -0.08288365923084862,
      -0.04939314340445033,
      -0.1616199543412899,
      0.33725214757093525,
      -0.22476425988695828,
      0.6594761297976297
    ],
    [
      0.0,
      0.0,
      -0.09612172504760957,
      0.424610682320353,
      -0.34457112548762314,
      0.1596674688374379,
      -0.20495542667810177,
      -0.3907042798949495,
      0.9812677127555072,
      0.23566041531088613,
      0.05510946687853086,
      0.005506467468251314,
      -0.24890254744706886,
      0.09249516892424066,
      -0.4936851058558888,
      0.140887155350077,
      -0.6629287776705621,
      0.02255675022877439,
      0.0775533770247137,
      -0.24447656192938622,
      -0.0327894273085178,
      0.014781749145892843,
      -0.052490579085823906,
      0.08088425620420156,
      -0.08088620443642515,
      0.07246578307357125,
      0.05662319003149579,
      -0.1127505520323506,
      -0.048104511382521434,
      0.08262095038817963,
      -0.01313639653659363,
      0.13264745456814017,
      0.006699638392791278,
      0.148238145567699,
      0.006829980607712213,
      -0.06581562499227786,
      0.04947391357369011,
      0.00030789721920629657,
      0.2584655304664234,
      -0.3814547089909453,
      0.42437764417037255,
      -0.655817093618731
    ],
    [
      0.0,
      0.0,
      0.23476582481891778,
      -0.27008508399910924,
      0.21044042711653313,
      -0.1746537777717798,
      -0.05284648349759966,
      0.19735797928697918,
      -1.0437952385418348,
      -0.05710226295762266,
      -0.05929336605418501,
      0.04130264257818716,
      0.13373044214746724,
      -0.030383283914411086,
      0.2787618647426634,
      -0.0700717123363628,
      0.3839842820512514,
      0.01597175569834311,
      -0.19847599761933524,
      0.22797705490076672,
      0.06516878455732372,
      0.03665805678350541,
      0.12853989364350782,
      -0.09555380693281551,
      0.1583462277834886,
      -0.10544892545069402,
      -0.1808234030635464,
      0.2039141303760295,
      0.06353713150360536,
      0.07279277791866755,
      0.05702529700710644,
      0.0019113953209150944,
      0.03997150977909445,
      -0.006506204305486509,
      -0.12096121022731736,
      0.18031502796757962,
      0.13682763292364652,
      0.10179513476390778,
      0.14936566628169207,
      -0.05917961654951361,
      0.10782444712588442,
      -0.14652640028607955
    ],
    [
      0.0,
      0.0,
      0.055227153997260234,
      0.09005447968985056,
      -0.08234288014981332,
      -0.0674780723967479,
      -0.07956155452891592,
      -0.13079555833135723,
      -0.03019753417547405,
      -0.17591726199221455,
      0.23775443539018815,
      -0.18634938816137056,
      -0.09333663355764084,
      0.03590867079719867,
      -0.19682665465527419,
      0.09242447361785325,
      -0.24458182677389684,
      0.11479346317750394,
      0.052604376096596114,
      -0.0822776090021486,
      -0.014844654677391217,
      0.02518312489348168,
      0.28831034785032483,
      0.03522404735804265,
      0.4718076738655664,
      0.05367421342097521,
      -0.03782690014936558,
      0.014958184348667187,
      -0.09129189578909026,
      0.01733926504082363,
      0.04232153997699945,
      -0.057263526759490105,
      0.1370611178915406,
      -0.09782625738252723,
      -0.10885313517715448,
      0.08473920027094686,
      -0.16296865967566723,
      0.11060313055748552,
      -0.0146879000030289,
      0.14539308620541194,
      0.1170391490661235,
      0.16392555789746385
    ],
    [
      0.0,
      0.0,
      0.04095807739792328,
      0.0797145370399266,
      0.06649331109501451,
      -0.060524415258306145,
      -0.027302042625109522,
      -0.00213742178642383,
      -0.049012475882558526,
      0.03828821079547894,
      -0.08903442198315614,
      0.16064426800439705,
      -0.014742135332742557,
      -0.03085181157776,
      0.011178827613074711,
      -0.08120428706268189,
      0.023174443255189033,
      -0.11614678696183371,
      -0.06953825953043731,
      -0.031046777083654362,
      -0.2592231185558754,
      -0.0035504123405840264,
      -0.4692696621648038,
      -0.04548380401682669,
      -0.5820324492831324,
      -0.02507971102620001,
      -0.062330496513322245,
      -0.08937919881753006,
      0.1632942799079202,
      0.048211157577222837,
      0.5304200954023321,
      0.14526998240368358,
      0.7435623326046918,
      0.19325621652347455,
      -0.07500182657218121,
      -0.033138136066922536,
      -0.09069956463020042,
      0.04526271697114044,
      -0.050103624095076855,
      -7.591555064533642e-05,
      -0.018858182335457038,
